,id,action,object_type,object_id,created
0,27686738,remove_pulse,user,6408759031490a0ef4c6adab,2023-03-08T14:13:57.322000
1,27686739,remove_pulse,user,640875d586a2f48986b2b2a2,2023-03-08T14:15:53.181000
2,27686776,remove_pulse,user,64087591b91d54fc573696da,2023-03-08T14:16:53.804000
3,27687167,remove_pulse,user,6408b92e7b5fce160aaa3d2b,2023-03-08T16:36:21.371000
4,27760437,remove_pulse,user,640201684dea375bbd44c8a1,2023-03-13T20:18:41.476000
5,27763902,remove_pulse,user,6410bc10429c3d7e1db64dd3,2023-03-14T18:26:41.701000
6,27766381,remove_pulse,user,6410cd309b86709ed261b809,2023-03-14T19:45:24.811000
7,28113375,subscribe,user,AlienVault,2023-04-02T02:08:26.602000
8,28113616,subscribe,pulse,54a12d6311d4080471a1a386,2023-04-02T02:26:47.349000
9,28113617,unsubscribe,pulse,54a12d6311d4080471a1a386,2023-04-02T02:26:50.440000
10,28113618,subscribe,pulse,54a12d6311d4080471a1a386,2023-04-02T02:26:52.414000
11,28113619,subscribe,pulse,630f7ddea9e419db3cffbbec,2023-04-02T02:27:44.311000
12,28113903,subscribe,pulse,617b0867f77ec5e2192a4cf5,2023-04-02T03:14:25.794000
